{"loss": 2.2978954315185547, "_timestamp": 1673192918.852034, "_runtime": 6.102686166763306, "_step": 0, "_wandb": {"runtime": 136}}