{"loss": 2.0693187713623047, "_timestamp": 1673190501.7850509, "_runtime": 7.554008960723877, "_step": 4, "_wandb": {"runtime": 7}}