{"loss": 2.151780128479004, "_timestamp": 1673190244.3363168, "_runtime": 6.377514839172363, "_step": 4, "_wandb": {"runtime": 7}}