{"loss": 2.2978382110595703, "_timestamp": 1673190084.858655, "_runtime": 6.620943069458008, "_step": 0, "_wandb": {"runtime": 7}}