{"logits": {"_type": "histogram", "values": [1, 0, 0, 0, 0, 1, 1, 1, 8, 2, 5, 6, 8, 11, 9, 21, 17, 15, 26, 29, 22, 31, 21, 29, 13, 20, 15, 14, 12, 6, 10, 6, 2, 6, 0, 5, 2, 1, 4, 2, 3, 1, 2, 2, 2, 2, 1, 0, 1, 2, 1, 0, 0, 0, 0, 0, 0, 0, 0, 0, 0, 0, 0, 1], "bins": [-19.055866241455078, -18.215219497680664, -17.374574661254883, -16.53392791748047, -15.693283081054688, -14.85263729095459, -14.011991500854492, -13.171345710754395, -12.330699920654297, -11.490053176879883, -10.649407386779785, -9.808761596679688, -8.96811580657959, -8.127470016479492, -7.2868242263793945, -6.446178436279297, -5.605532646179199, -4.764886856079102, -3.924241065979004, -3.083595037460327, -2.2429492473602295, -1.4023034572601318, -0.5616575479507446, 0.2789883017539978, 1.1196341514587402, 1.960279941558838, 2.8009257316589355, 3.6415717601776123, 4.482217788696289, 5.322863578796387, 6.163509368896484, 7.004155158996582, 7.84480094909668, 8.685446739196777, 9.526092529296875, 10.366738319396973, 11.20738410949707, 12.048029899597168, 12.888675689697266, 13.729321479797363, 14.569967269897461, 15.410614013671875, 16.251258850097656, 17.09190559387207, 17.93255043029785, 18.773197174072266, 19.613842010498047, 20.45448875427246, 21.295135498046875, 22.135780334472656, 22.97642707824707, 23.81707191467285, 24.657718658447266, 25.498363494873047, 26.33901023864746, 27.179655075073242, 28.020301818847656, 28.860946655273438, 29.70159339904785, 30.542238235473633, 31.382884979248047, 32.22352981567383, 33.06417465209961, 33.904823303222656, 34.74546813964844]}, "_timestamp": 1673204995.655375, "_runtime": 214.36664199829102, "_step": 1003, "train_loss": 0.1993318498134613, "train_acc": 0.9375, "epoch": 4, "trainer/global_step": 979, "val_loss": 0.09644055366516113, "val_acc": 0.9700800180435181, "_wandb": {"runtime": 213}}