{"logits": {"_type": "histogram", "values": [1, 0, 1, 2, 3, 3, 4, 3, 7, 7, 6, 4, 11, 9, 9, 16, 17, 25, 26, 35, 39, 42, 64, 71, 74, 61, 73, 79, 61, 87, 41, 50, 44, 42, 27, 23, 24, 17, 28, 18, 12, 7, 9, 10, 13, 17, 5, 11, 7, 9, 6, 5, 3, 1, 3, 2, 4, 0, 0, 0, 0, 0, 1, 1], "bins": [-21.862163543701172, -21.096012115478516, -20.32986068725586, -19.563709259033203, -18.797555923461914, -18.031404495239258, -17.2652530670166, -16.499101638793945, -15.732950210571289, -14.966797828674316, -14.20064640045166, -13.434494972229004, -12.668343544006348, -11.902191162109375, -11.136039733886719, -10.369888305664062, -9.603736877441406, -8.837584495544434, -8.071433067321777, -7.305281162261963, -6.539129734039307, -5.772977828979492, -5.006826400756836, -4.2406744956970215, -3.474522829055786, -2.708371162414551, -1.9422194957733154, -1.1760677099227905, -0.4099160432815552, 0.35623565316200256, 1.122387409210205, 1.8885390758514404, 2.654690742492676, 3.420842409133911, 4.1869940757751465, 4.953145980834961, 5.719297409057617, 6.485449314117432, 7.251600742340088, 8.017752647399902, 8.783904075622559, 9.550056457519531, 10.316207885742188, 11.082359313964844, 11.8485107421875, 12.614663124084473, 13.380814552307129, 14.146965980529785, 14.913118362426758, 15.679269790649414, 16.44542121887207, 17.211572647094727, 17.977724075317383, 18.74387550354004, 19.510028839111328, 20.276180267333984, 21.04233169555664, 21.808483123779297, 22.574634552001953, 23.34078598022461, 24.106937408447266, 24.873090744018555, 25.63924217224121, 26.405393600463867, 27.171545028686523]}, "_timestamp": 1673204730.276072, "_runtime": 207.9844081401825, "_step": 1184, "train_loss": 0.04705348610877991, "train_acc": 0.9921875, "epoch": 5, "trainer/global_step": 1149, "_wandb": {"runtime": 207}}