{"loss": 0.1634402871131897, "_timestamp": 1673189969.9824698, "_runtime": 44.25367283821106, "_step": 223, "_wandb": {"runtime": 43}}