{"loss": 2.245124101638794, "_timestamp": 1673190140.632694, "_runtime": 6.407141923904419, "_step": 4, "_wandb": {"runtime": 7}}