{"loss": 0.023706670850515366, "_timestamp": 1673189824.322044, "_runtime": 183.41904282569885, "_step": 979, "_wandb": {"runtime": 182}}