{"logits": {"_type": "histogram", "values": [1, 0, 0, 1, 0, 2, 0, 1, 0, 2, 2, 1, 2, 5, 4, 5, 5, 12, 13, 10, 10, 8, 13, 14, 20, 17, 20, 18, 14, 11, 21, 9, 16, 17, 17, 10, 17, 7, 7, 4, 6, 5, 3, 6, 5, 6, 2, 2, 3, 3, 2, 2, 3, 2, 3, 1, 0, 1, 3, 1, 2, 1, 1, 1], "bins": [-21.03066062927246, -20.329906463623047, -19.629152297973633, -18.92839813232422, -18.227645874023438, -17.526891708374023, -16.82613754272461, -16.125383377075195, -15.424629211425781, -14.723875999450684, -14.02312183380127, -13.322367668151855, -12.621613502502441, -11.920860290527344, -11.22010612487793, -10.519351959228516, -9.818597793579102, -9.117844581604004, -8.41709041595459, -7.716336727142334, -7.01558256149292, -6.314828872680664, -5.61407470703125, -4.913321018218994, -4.212567329406738, -3.511813163757324, -2.8110592365264893, -2.1103053092956543, -1.4095515012741089, -0.7087975740432739, -0.00804370641708374, 0.6927101612091064, 1.3934640884399414, 2.0942180156707764, 2.7949719429016113, 3.4957258701324463, 4.196479797363281, 4.897233486175537, 5.597987651824951, 6.298741340637207, 6.999495506286621, 7.700249195098877, 8.401002883911133, 9.101757049560547, 9.802511215209961, 10.503264427185059, 11.204018592834473, 11.904772758483887, 12.605525970458984, 13.306280136108398, 14.007034301757812, 14.707788467407227, 15.408541679382324, 16.109296798706055, 16.810049057006836, 17.51080322265625, 18.211557388305664, 18.912311553955078, 19.613065719604492, 20.313819885253906, 21.01457405090332, 21.7153263092041, 22.416080474853516, 23.11683464050293, 23.817588806152344]}, "_timestamp": 1673204266.143594, "_runtime": 347.47962713241577, "_step": 1998, "train_loss": 0.04748275503516197, "train_acc": 0.9921875, "epoch": 9, "trainer/global_step": 1949, "_wandb": {"runtime": 346}}