{"loss": 2.2358155250549316, "_timestamp": 1673190383.8775182, "_runtime": 6.43825626373291, "_step": 4, "_wandb": {"runtime": 7}}